{
    "perplexity": 1.2524290084838867,
    "accuracy": 0.9788918495178223
}