{
    "perplexity": 1.2570971250534058,
    "accuracy": 0.9788918495178223
}