{
    "perplexity": 1.265051245689392,
    "accuracy": 0.9788918495178223
}