{
    "perplexity": 1.266499638557434,
    "accuracy": 0.9788918495178223
}